{"num_steps": 20, "timesteps": [999, 949, 899, 849, 799, 749, 699, 649, 599, 549, 500, 450, 400, 350, 300, 250, 200, 150, 100, 50], "alpha": [0.06826484948396683, 0.09132416546344757, 0.11957696825265884, 0.15337182581424713, 0.19285990297794342, 0.23795674741268158, 0.2883196771144867, 0.3433447778224945, 0.40218454599380493, 0.4637857675552368, 0.5256734490394592, 0.5891048908233643, 0.6515234112739563, 0.7116790413856506, 0.7684406638145447, 0.8208486437797546, 0.8681542873382568, 0.9098414778709412, 0.9456337690353394, 0.9754879474639893], "sigma": [0.9976672530174255, 0.9958212375640869, 0.992824912071228, 0.9881685376167297, 0.9812262654304504, 0.9712757468223572, 0.9575341939926147, 0.9392094016075134, 0.9155586361885071, 0.8859473466873169, 0.8506864309310913, 0.8080565929412842, 0.7586284875869751, 0.7025047540664673, 0.6399210095405579, 0.5711457133293152, 0.49629440903663635, 0.4149560332298279, 0.32523342967033386, 0.2200527936220169], "c0": [0.9981496930122375, 0.9969910979270935, 0.9953099489212036, 0.992974579334259, 0.9898591041564941, 0.985852062702179, 0.9808624982833862, 0.9748184084892273, 0.9676576852798462, 0.960199773311615, 0.9498876929283142, 0.9388309121131897, 0.9260194897651672, 0.9109134078025818, 0.892525315284729, 0.8689453601837158, 0.8361086249351501, 0.7837780714035034, 0.6765995621681213, 0.13249154388904572], "c1": [-0.02318562626614895, -0.028527581224710996, -0.03435566942226309, -0.04056558166872115, -0.04705262132118193, -0.05372950258841769, -0.06054283402426108, -0.06748573151588033, -0.07460878137091953, -0.08034647749542145, -0.08977411756092124, -0.0984535236048174, -0.10835567344451746, -0.12016265751299215, -0.1349958900521564, -0.1548817088268919, -0.18397015967046215, -0.23251993488717204, -0.33567261104184354, -0.8703310286580503], "c2": [-0.0, -0.013274425785712704, -0.015983379825509483, -0.01888663056503964, -0.021949103373245574, -0.02514693453537283, -0.02847455178372373, -0.03194980659311115, -0.035620436092675394, -0.03799332564902366, -0.04474203453918037, -0.04877819872352441, -0.054622536837881146, -0.06185278299586472, -0.07132133634917931, -0.08469463851628699, -0.10574352838590163, -0.14524374399328674, -0.25082478296787, -2.1106579070603653]}