{"num_steps": 51, "timesteps": [981, 961, 961, 941, 921, 901, 881, 861, 841, 821, 801, 781, 761, 741, 721, 701, 681, 661, 641, 621, 601, 581, 561, 541, 521, 501, 481, 461, 441, 421, 401, 381, 361, 341, 321, 301, 281, 261, 241, 221, 201, 181, 161, 141, 121, 101, 81, 61, 41, 21, 1], "sample_coeff": [1.1228517047631834, 1.1228517047631834, 1.1189641097639456, 1.115149713566296, 1.1114078754577807, 1.107737716496504, 1.1041387098599826, 1.1006100913429304, 1.09715112758965, 1.0937614985270305, 1.0904402109028133, 1.0871868493850396, 1.0840008158768684, 1.0808814925731884, 1.077828297354115, 1.0748405182994067, 1.0719178127268951, 1.069059710773575, 1.0662655580376135, 1.063534793713238, 1.060866952160141, 1.0582618333788902, 1.055718433769081, 1.0532366911298305, 1.050816248200995, 1.0484564493800603, 1.0461566795013, 1.0439169927169045, 1.0417366894392754, 1.039615397955806, 1.0375529631918665, 1.0355488158747077, 1.0336026030584455, 1.031714074879461, 1.0298827384197773, 1.0281083195501388, 1.026390823106631, 1.0247294883117681, 1.0231242392041378, 1.0215749317531844, 1.0200811781088532, 1.0186425205006113, 1.0172589583134881, 1.015930129945295, 1.0146558979777156, 1.0134359978339171, 1.0122702726490174, 1.0111584971634284, 1.0101000824054638, 1.0090955506857704, 1.0004276314965599], "alpha_diff": [0.001506224274635315, 0.001506224274635315, 0.001835579052567482, 0.0022205980494618416, 0.0026669828221201897, 0.0031802672892808914, 0.003765646368265152, 0.004427792504429817, 0.00517064705491066, 0.005997246131300926, 0.00690947100520134, 0.00790790468454361, 0.00899164006114006, 0.010158117860555649, 0.011403024196624756, 0.012720189988613129, 0.014101624488830566, 0.015537485480308533, 0.017016135156154633, 0.018524274230003357, 0.0200471431016922, 0.021568894386291504, 0.023072347044944763, 0.024540066719055176, 0.025954142212867737, 0.027296632528305054, 0.028549939393997192, 0.029697567224502563, 0.030723780393600464, 0.031614452600479126, 0.032357245683670044, 0.03294166922569275, 0.03335946798324585, 0.03360486030578613, 0.03367418050765991, 0.03356659412384033, 0.033284008502960205, 0.03282970190048218, 0.03221023082733154, 0.031433939933776855, 0.030511140823364258, 0.029453277587890625, 0.028274118900299072, 0.026988089084625244, 0.02561044692993164, 0.024157404899597168, 0.022645115852355957, 0.02109009027481079, 0.01950782537460327, 0.017915308475494385, 0.0008539557456970215], "model_output_denom_coeff": [0.01222068621450562, 0.01222068621450562, 0.015366698260035033, 0.019186150992539036, 0.023787599758147353, 0.02928872336253457, 0.03581519603230656, 0.04349904773681176, 0.052476468617807304, 0.06288502640175442, 0.0748603172043994, 0.08853199617649707, 0.10401935532102247, 0.12142643369767858, 0.14083679517302078, 0.16230814546308842, 0.1858669474467074, 0.21150331407016146, 0.23916624809193998, 0.2687595144315127, 0.30013840592168145, 0.3331076625073596, 0.3674206423419132, 0.4027794894608956, 0.438837549425542, 0.47520260258787916, 0.511441700162118, 0.5470874666760965, 0.5816458225740595, 0.614604047076579, 0.6454400185429159, 0.6736316097995951, 0.6986659052244942, 0.7200481238275692, 0.7373097062338558, 0.7500147924046985, 0.7577652215212829, 0.7602032565167969, 0.7570105668279064, 0.7479043101265495, 0.7326274097678189, 0.7109320500233581, 0.6825514704719151, 0.6471538154118119, 0.604262198801889, 0.5531050959646842, 0.4923031682609385, 0.4190828645859549, 0.3265742316873764, 0.1790392127075935, 0.07033200031579206]}